sdk:setup|7155
sdk:setup|7378
sdk:setup|7758
sdk:setup|5880
sdk:setup|6066
sdk:setup|6072
sdk:setup|6099
sdk:setup|6066
sdk:setup|7273
sdk:setup|7628
sdk:setup|7961
sdk:setup|5638
sdk:setup|5641
sdk:setup|5641
sdk:setup|5883
sdk:setup|5695
sdk:setup|5568
sdk:setup|10022
sdk:setup|10064
sdk:setup|9973
sdk:setup|6360
sdk:setup|6261
sdk:setup|6269
sdk:setup|5973
sdk:setup|5841
sdk:setup|6109
sdk:setup|7509
sdk:setup|7545
sdk:setup|7850
sdk:setup|6070
sdk:setup|6514
sdk:setup|5477
sdk:setup|10254
sdk:setup|9801
sdk:setup|7196
sdk:setup|8733
sdk:setup|11241
sdk:setup|8253
sdk:setup|5918
sdk:setup|5952
sdk:setup|5772
sdk:setup|5274
sdk:setup|5416
sdk:setup|4797
sdk:setup|4788
sdk:setup|16144
sdk:setup|5130
sdk:setup|5555
sdk:setup|4794
sdk:setup|4859
sdk:setup|5558
sdk:setup|4635
sdk:setup|4453
sdk:setup|5114
sdk:setup|4410
sdk:setup|4440
sdk:setup|4958
sdk:setup|4373
sdk:setup|7857
sdk:setup|4661
sdk:setup|5051
sdk:setup|5224
sdk:setup|6030
sdk:setup|5751
sdk:setup|7808
sdk:setup|6886
sdk:setup|7858
sdk:setup|9548
sdk:setup|9909
sdk:setup|11862
sdk:setup|10739
sdk:setup|11226
sdk:setup|8018
sdk:setup|8154
sdk:setup|8086
sdk:setup|8392
sdk:setup|9963
sdk:setup|9856
sdk:setup|10916
sdk:setup|10287
sdk:setup|10385
sdk:setup|10214
sdk:setup|10220
sdk:setup|10477
sdk:setup|10945
sdk:setup|10194
sdk:setup|10195
sdk:setup|9853
sdk:setup|9554
sdk:setup|10613
sdk:setup|11528
sdk:setup|11918
sdk:setup|7187
sdk:setup|7126
sdk:setup|6902
sdk:setup|6227
sdk:setup|8811
sdk:setup|7799
